{"columns": {"bbox_AP": {"min": 0.0022427351473059166, "max": 0.06613162019228502}, "bbox_AP50": {"min": 0.0035417730729521806, "max": 0.07712996606891145}, "bbox_AP75": {"min": 0.002157658221889211, "max": 0.07558798284621164}, "bbox_APs": {"min": 2.5854032429276226e-06, "max": 0.1399752829342779}, "bbox_APm": {"min": 0.0010858466170448095, "max": 0.17429429025030982}, "bbox_APl": {"min": 0.0031891568775543667, "max": 0.16269715176987606}, "bbox_AR@1": {"min": 0.08936462718464305, "max": 0.4406122448979592}, "bbox_AR@10": {"min": 0.1875127689212196, "max": 0.6485677083333333}, "bbox_AR": {"min": 0.20648458663280797, "max": 0.6663265306122449}, "bbox_ARs": {"min": 0.009848484848484848, "max": 0.5615384615384615}, "bbox_ARm": {"min": 0.11785714285714285, "max": 0.7818181818181819}, "bbox_ARl": {"min": 0.28681318681318674, "max": 0.8391666666666666}, "segm_AP": {"min": 0.0018746911353945935, "max": 0.06891846205903995}, "segm_AP50": {"min": 0.0033803030215295965, "max": 0.07650518683834616}, "segm_AP75": {"min": 0.0006642251728700501, "max": 0.07203467546546166}, "segm_APs": {"min": 0.0, "max": 0.10153369311949924}, "segm_APm": {"min": 0.0005797032700515603, "max": 0.1293763414381453}, "segm_APl": {"min": 0.003708800330563071, "max": 0.16706058792985262}, "segm_AR@1": {"min": 0.06525592091368154, "max": 0.41673469387755097}, "segm_AR@10": {"min": 0.14866532258064516, "max": 0.6006114130434782}, "segm_AR": {"min": 0.1565151515151515, "max": 0.6262907608695653}, "segm_ARs": {"min": 0.0, "max": 0.48}, "segm_ARm": {"min": 0.07582417582417583, "max": 0.6855769230769231}, "segm_ARl": {"min": 0.26868131868131867, "max": 0.8325396825396826}}}