{"columns": {"bbox_AP": {"min": -0.0109861798513943, "max": 0.01484779096941824}, "bbox_AP50": {"min": -0.015476028789434878, "max": 0.01623241521270052}, "bbox_AP75": {"min": -0.013959181589829343, "max": 0.014082086022495749}, "bbox_APs": {"min": -0.029202023123716163, "max": 0.03803635309740616}, "bbox_APm": {"min": -0.03258222496017347, "max": 0.04609278717905197}, "bbox_APl": {"min": -0.03694934879491177, "max": 0.0625183442808278}, "bbox_AR@1": {"min": -0.051324898583516354, "max": 0.06405252394691638}, "bbox_AR@10": {"min": -0.02933803383898481, "max": 0.0628766477021262}, "bbox_AR": {"min": -0.02968945502311887, "max": 0.07102419155881762}, "bbox_ARs": {"min": -0.0706886914296574, "max": 0.09282445333291142}, "bbox_ARm": {"min": -0.03949230406991033, "max": 0.09948490153637218}, "bbox_ARl": {"min": -0.07162134994348612, "max": 0.0815625942226561}, "segm_AP": {"min": -0.011301252701729374, "max": 0.012339029566131698}, "segm_AP50": {"min": -0.012309241376529438, "max": 0.01575845447917339}, "segm_AP75": {"min": -0.01354026971340674, "max": 0.014793200039218118}, "segm_APs": {"min": -0.025414051601265687, "max": 0.021172776790555882}, "segm_APm": {"min": -0.017342521506561258, "max": 0.02678874963624364}, "segm_APl": {"min": -0.05377628773234277, "max": 0.08021759779348334}, "segm_AR@1": {"min": -0.04131036962520612, "max": 0.05675659074544487}, "segm_AR@10": {"min": -0.04003793402167388, "max": 0.0642731610520032}, "segm_AR": {"min": -0.03779710855680796, "max": 0.06600023630600899}, "segm_ARs": {"min": -0.05801744362558306, "max": 0.0755663062672643}, "segm_ARm": {"min": -0.04608608461557706, "max": 0.11758946364093431}, "segm_ARl": {"min": -0.0919787989787989, "max": 0.0724960646115026}}}