{"columns": {"bbox_AP": {"min": -0.015866224850744823, "max": 0.01646499996847474}, "bbox_AP50": {"min": -0.022090625410160394, "max": 0.021614854607512356}, "bbox_AP75": {"min": -0.020511580857408875, "max": 0.02355296723077443}, "bbox_APs": {"min": -0.061372293503631076, "max": 0.06846609776287231}, "bbox_APm": {"min": -0.03876590648480924, "max": 0.06697087567850388}, "bbox_APl": {"min": -0.05065852594210062, "max": 0.05710065012270785}, "bbox_AR@1": {"min": -0.057648717948717954, "max": 0.09061568061568065}, "bbox_AR@10": {"min": -0.06045811965811965, "max": 0.11372154822082375}, "bbox_AR": {"min": -0.05266741499419242, "max": 0.1049244909473866}, "bbox_ARs": {"min": -0.09506269107223647, "max": 0.12671341414666085}, "bbox_ARm": {"min": -0.0629527832908438, "max": 0.13267630617016135}, "bbox_ARl": {"min": -0.050915788458080424, "max": 0.13874858366034842}, "segm_AP": {"min": -0.01626231467637047, "max": 0.01711813274706359}, "segm_AP50": {"min": -0.02037160477753624, "max": 0.021719437704894463}, "segm_AP75": {"min": -0.023456532538685966, "max": 0.023234221216867565}, "segm_APs": {"min": -0.04926750185305884, "max": 0.05082484474327231}, "segm_APm": {"min": -0.036339517127026884, "max": 0.04231856884207366}, "segm_APl": {"min": -0.05905770297153083, "max": 0.07409056030071141}, "segm_AR@1": {"min": -0.06907921522921526, "max": 0.08988921630030092}, "segm_AR@10": {"min": -0.07585596348096346, "max": 0.11393446141823088}, "segm_AR": {"min": -0.0667497766122766, "max": 0.12978637517532482}, "segm_ARs": {"min": -0.09523740797631912, "max": 0.13713735359866486}, "segm_ARm": {"min": -0.06091668984180232, "max": 0.1805395748042808}, "segm_ARl": {"min": -0.05252463813031061, "max": 0.14932694810636}}}