lower_bin_thresh,upper_bin_thresh,bin_prefix,bbox_AP,bbox_AP50,bbox_AP75,bbox_APs,bbox_APm,bbox_APl,bbox_AR@1,bbox_AR@10,bbox_AR,bbox_ARs,bbox_ARm,bbox_ARl,segm_AP,segm_AP50,segm_AP75,segm_APs,segm_APm,segm_APl,segm_AR@1,segm_AR@10,segm_AR,segm_ARs,segm_ARm,segm_ARl,total_obj,small_obj,med_obj,large_obj
0.0000,1.0000,0.0000-1.0000,0.18046996879091695,0.3166891314600915,0.1832247935786317,0.03867245774937032,0.17271794142005953,0.31802473388665403,0.1991054570756491,0.2941404760095992,0.3049024573051728,0.0794972773822474,0.3157597774988296,0.5122870575770038,0.16208611167277048,0.2871545226109198,0.1607619332516836,0.018980916057896504,0.13903403695411642,0.3250050763648276,0.18328252616343363,0.2608525018085634,0.2684714520237842,0.054208044800834666,0.26938747499218707,0.4770465408919216,36593,15277,12477,8839
