{"columns": {"bbox_AP": {"min": 0.0022427351473059166, "max": 0.05147603440083518}, "bbox_AP50": {"min": 0.0035417730729521806, "max": 0.07412142126670242}, "bbox_AP75": {"min": 0.002157658221889211, "max": 0.0642491193124295}, "bbox_APs": {"min": 2.5854032429276226e-06, "max": 0.11337668041848983}, "bbox_APm": {"min": 0.0010858466170448095, "max": 0.15905554492315088}, "bbox_APl": {"min": 0.0031891568775543667, "max": 0.1514802436766293}, "bbox_AR@1": {"min": 0.08936462718464305, "max": 0.3805052790346907}, "bbox_AR@10": {"min": 0.1875127689212196, "max": 0.4950582750582751}, "bbox_AR": {"min": 0.20648458663280797, "max": 0.5061655011655012}, "bbox_ARs": {"min": 0.009848484848484848, "max": 0.3157894736842105}, "bbox_ARm": {"min": 0.11785714285714285, "max": 0.61}, "bbox_ARl": {"min": 0.28681318681318674, "max": 0.7720588235294118}, "segm_AP": {"min": 0.0018746911353945935, "max": 0.04963021174121079}, "segm_AP50": {"min": 0.0033803030215295965, "max": 0.07200487799352484}, "segm_AP75": {"min": 0.0006642251728700501, "max": 0.06857122946852896}, "segm_APs": {"min": 0.0, "max": 0.10153369311949924}, "segm_APm": {"min": 0.0005797032700515603, "max": 0.1188058168149413}, "segm_APl": {"min": 0.003708800330563071, "max": 0.14990553625181915}, "segm_AR@1": {"min": 0.06525592091368154, "max": 0.3537309368191721}, "segm_AR@10": {"min": 0.14866532258064516, "max": 0.45134074074074076}, "segm_AR": {"min": 0.1565151515151515, "max": 0.46420114942528734}, "segm_ARs": {"min": 0.0, "max": 0.24642857142857144}, "segm_ARm": {"min": 0.07582417582417583, "max": 0.58}, "segm_ARl": {"min": 0.26868131868131867, "max": 0.7213675213675214}}}