lower_bin_thresh,upper_bin_thresh,bin_prefix,AR
0.0000,0.2000,0.0000-0.2000,0.3080379714719594
0.2000,0.4000,0.2000-0.4000,0.4475041410458077
0.4000,0.6000,0.4000-0.6000,0.4655030324567638
0.6000,0.8000,0.6000-0.8000,0.40467117589240353
0.8000,1.0000,0.8000-1.0000,0.2983154655574882
