lower_bin_thresh,upper_bin_thresh,bin_prefix,AR
0.0000,0.2000,0.0000-0.2000,0.3042786453300976
0.2000,0.4000,0.2000-0.4000,0.4665657095182853
0.4000,0.6000,0.4000-0.6000,0.44183231349570123
0.6000,0.8000,0.6000-0.8000,0.3999375398311325
0.8000,1.0000,0.8000-1.0000,0.30319590756311726
