{"columns": {"bbox_AP": {"min": 6.241967437856041e-05, "max": 0.09083583281768792}, "bbox_AP50": {"min": 0.00010166922083808995, "max": 0.11484385709953636}, "bbox_AP75": {"min": 3.596622762481283e-05, "max": 0.11279818652788406}, "bbox_APs": {"min": 0.0, "max": 0.30084021282274404}, "bbox_APm": {"min": 0.0010858466170448095, "max": 0.25023822639039933}, "bbox_APl": {"min": -1.0, "max": 0.16269715176987606}, "bbox_AR@1": {"min": 0.0, "max": 0.4406122448979592}, "bbox_AR@10": {"min": 0.020833333333333332, "max": 0.6557142857142857}, "bbox_AR": {"min": 0.0625, "max": 0.6884615384615385}, "bbox_ARs": {"min": 0.0, "max": 0.6}, "bbox_ARm": {"min": 0.11785714285714285, "max": 0.7857142857142857}, "bbox_ARl": {"min": -1.0, "max": 0.8391666666666666}, "segm_AP": {"min": 6.0642741258785445e-05, "max": 0.079000438822857}, "segm_AP50": {"min": 9.621858883491989e-05, "max": 0.11381986343770716}, "segm_AP75": {"min": 0.0, "max": 0.11279643692723042}, "segm_APs": {"min": 0.0, "max": 0.27009416505450795}, "segm_APm": {"min": 6.670329011070793e-05, "max": 0.2039591625630091}, "segm_APl": {"min": -1.0, "max": 0.16706058792985262}, "segm_AR@1": {"min": 0.0, "max": 0.41673469387755097}, "segm_AR@10": {"min": 0.019444444444444445, "max": 0.6016666666666667}, "segm_AR": {"min": 0.044444444444444446, "max": 0.6262907608695653}, "segm_ARs": {"min": 0.0, "max": 0.525}, "segm_ARm": {"min": 0.07582417582417583, "max": 0.78}, "segm_ARl": {"min": -1.0, "max": 0.8325396825396826}}}