lower_bin_thresh,upper_bin_thresh,bin_prefix,AP
0.0000,0.2000,0.0000-0.2000,0.1524528467547016
0.2000,0.4000,0.2000-0.4000,0.0622845986964591
0.4000,0.6000,0.4000-0.6000,0.03199589957128178
0.6000,0.8000,0.6000-0.8000,0.025737221650272115
0.8000,1.0000,0.8000-1.0000,0.01879510174385354
